citation_key,title,quality_attribute
Alizadeh2018,Reducing Interactive Refactoring Effort via Clustering-Based Multi-objective Search,"correctness, efficiency, usability"
Alrajeh2020,Adapting Requirements Models to Varying Environments,"correctness, robustness, effectiveness, usability"
Amalfitano2019Combining,Combining Automated GUI Exploration of Android apps with Capture and Replay through Machine Learning,effectiveness
Arora2019,An Active Learning Approach for Improving the Accuracy of Automated Domain Model Extraction,adaptability
Cardozo2023Auto-COP,Auto-COP: Adaptation generation in Context-oriented Programming using Reinforcement Learning options,"adaptability, effectiveness, efficiency"
Chen2019,Continuous Incident Triage for Large-Scale Online Service Systems,"efficiency, effectiveness"
Chen2020Incidents,How Incidental are the Incidents? Characterizing and Prioritizing Incidents for Large-Scale Online Service Systems,"efficiency, effectiveness"
Chen2021Interactive,Interactive Cross-language Code Retrieval with Auto-Encoders,efficiency
Duan2023AFAlog,AFALog: A General Augmentation Framework for Log-based Anomaly Detection with Active Learning,effectiveness
Duan2025LogAction,LogAction: Consistent Cross-system Anomaly Detection through Logs via Active Domain Adaptation,"efficiency, effectiveness"
Ge2022Locality,Locality-based security bug report identification via active learning,"correctness, efficiency, effectiveness"
Geethal2023Human,Human-in-the-Loop Automatic Program Repair,effectiveness
Gheibi2022Lifelong,Lifelong Self-Adaptation: Self-Adaptation Meets Lifelong Machine Learning,"effectiveness, adaptability"
Gu2025ADAMAS,ADAMAS: Adaptive Domain-Aware Performance Anomaly Detection in Cloud Service Systems,effectiveness
Jambigi2022Automatic,Automatic Error Classification and Root Cause Determination while Replaying Recorded Workload Data at SAP HANA,
Jiang2020,How to Mitigate the Incident? An Effective Troubleshooting Guide Recommendation Technique for Online Service Systems,effectiveness
Kang2022Active,Active Learning of Discriminative Subgraph Patterns for API Misuse Detection,effectiveness
Kang2024Scaling,Scaling Code Pattern Inference with Interactive What-If Analysis,"effectiveness, efficiency, usability"
Kapugama2022Human,Human-in-the-Loop Oracle Learning for Semantic Bugs in String Processing Programs,"effectiveness, explainability"
Kim2022Learning,Learning probabilistic models for static analysis alarms,"effectiveness, robustness"
Knauss2016ACon,ACon: A learning-based approach to deal with uncertainty in contextual requirements at runtime,effectiveness
Li2022Actionable,Actionable and Interpretable Fault Localization for Recurring Failures in Online Service Systems,"effectiveness, efficiency"
Li2023Preference,Preference Adaptation: user satisfaction is all you need!,effectiveness
Liu2021CloneDetection,Can Neural Clone Detection Generalize to Unseen Functionalities,efficiency
Liu2023Incident,Incident-aware duplicate ticket aggregation for cloud systems,"effectiveness, efficiency"
Liu2023Valar,VALAR: Streamlining Alarm Ranking in Static Analysis with Value-Flow Assisted Active Learning,"robustness, efficiency, effectiveness"
Liu2024hmCodeTrans,hmCodeTrans: Human–Machine Interactive Code Translation,efficiency
Lloyd2017,Improving Human-in-the-Loop Adaptive Systems Using Brain-Computer Interaction,"effectiveness, adaptability"
Mangal2015AUser,A user-guided approach to program analysis,usability
Murukannaiah2015,Platys: An Active Learning Framework for Place-Aware Application Development and Its Evaluation,"efficiency, effectiveness, usability"
Paterson2019,Using Unstructured Data to Improve the Continuous Planning of Critical Processes Involving Humans,adaptability
Piskachev2019Codebase,Codebase-Adaptive Detection of Security-Relevant Methods,adaptability
Radhakrishna2018,DroidStar: Callback Typestates for Android Classes,correctness
Song2023APractical,A Practical Human Labeling Method for Online Just-in-Time Software Defect Prediction,effectiveness
Sun2025Interpretable,Interpretable Failure Localization for Microservice Systems Based on Graph Autoencoder,"effectiveness, efficiency"
Tu2022Better,Better Data Labelling With EMBLEM (and how that Impacts Defect Prediction),efficiency
Wang2016,Local-based active classification of test report to assist crowdsourced testing,"correctness, effectiveness"
Wei2021,Test Selection for Deep Learning Systems,"correctness, robustness, effectiveness"
Wu2021Improving,Improving high-impact bug report prediction with combination of interactive machine learning and active learning,"correctness, effectiveness"
Xiao2024LogCAE,LogCAE: An Approach for Log-based Anomaly Detection with Active Learning and Contrastive Learning,effectiveness
Xu2018Cross,Cross-version defect prediction via hybrid active learning with kernel principal component analysis,effectiveness
Yang2023DeepDebugger,DeepDebugger: An Interactive Time-Travelling Debugging Approach for Deep Classifiers,"robustness, efficiency, effectiveness, usability"
Yang2023EvaCRC,EvaCRC: Evaluating Code Review Comments,"effectiveness, explainability"
Yin2023Dynamic,Dynamic Data Fault Localization for Deep Neural Networks,"efficiency, effectiveness"
Yin2024Datactive,Datactive: Data Fault Localization for Object Detection Systems,"robustness, effectiveness, efficiency"
Yu2021,Improving Vulnerability Inspection Efficiency Using Active Learning,"correctness, efficiency, effectiveness"
Yu2022Identifying,Identifying Self-Admitted Technical Debts With Jitterbug: A Two-Step Approach,"correctness, efficiency"
Zhang2024LabelEase,LabelEase: A Semi-Automatic Tool for Efficient and Accurate Trace Labeling in Microservices,"efficiency, effectiveness"
Zheng2025ASASQL,ASASQL: Active Data Synthesis and Annotation for Efficient Natural Language SQL Generation in Cloud Systems,efficiency
Zhou2022Boosting,Boosting API Recommendation With Implicit Feedback,efficiency
