Citation,DOI/link,Venue,Venue acronym,Venue type,Publication Year,Title,Authors
,,2019 34th IEEE/ACM International Conference on Automated Software Engineering (ASE),ASE,C,2019,Continuous Incident Triage for Large-Scale Online Service Systems,J. Chen; X. He; Q. Lin; H. Zhang; D. Hao; F. Gao; Z. Xu; Y. Dang; D. Zhang
,,2018 33rd IEEE/ACM International Conference on Automated Software Engineering (ASE),ASE,C,2018,Reducing Interactive Refactoring Effort via Clustering-Based Multi-objective Search,V. Alizadeh; M. Kessentini
,,2021 36th IEEE/ACM International Conference on Automated Software Engineering (ASE),ASE,C,2021,Can Neural Clone Detection Generalize to Unseen Functionalities,C. Liu; Z. Lin; J. -G. Lou; L. Wen; D. Zhang
,,2021 36th IEEE/ACM International Conference on Automated Software Engineering (ASE),ASE,C,2021,Interactive Cross-language Code Retrieval with Auto-Encoders,B. Chen; Z. Abedjan
,,2020 35th IEEE/ACM International Conference on Automated Software Engineering (ASE),ASE,C,2020,How Incidental are the Incidents? Characterizing and Prioritizing Incidents for Large-Scale Online Service Systems,J. Chen; S. Zhang; X. He; Q. Lin; H. Zhang; D. Hao; Y. Kang; F. Gao; Z. Xu; Y. Dang; D. Zhang
,,2023 38th IEEE/ACM International Conference on Automated Software Engineering (ASE),ASE,C,2023,VALAR: Streamlining Alarm Ranking in Static Analysis with Value-Flow Assisted Active Learning,P. Liu; Y. Lu; W. Yang; M. Pan
,,Proceedings of the 31st ACM Joint European Software Engineering Conference and Symposium on the Foundations of Software Engineering,ESEC/FSE,C,2023,DeepDebugger: An Interactive Time-Travelling Debugging Approach for Deep Classifiers,"Xianglin Yang, Yun Lin, Yifan Zhang, Linpeng Huang, Jin Song Dong, Hong Mei"
,,Proceedings of the 31st ACM Joint European Software Engineering Conference and Symposium on the Foundations of Software Engineering,ESEC/FSE,C,2023,EvaCRC: Evaluating Code Review Comments,"Lanxin Yang, Jinwei Xu, Yifan Zhang, He Zhang, Alberto Bacchelli"
,,Proceedings of the 28th ACM Joint Meeting on European Software Engineering Conference and Symposium on the Foundations of Software Engineering,ESEC/FSE,C,2020,How to Mitigate the Incident? An Effective Troubleshooting Guide Recommendation Technique for Online Service Systems,"Jiajun Jiang, Weihai Lu, Junjie Chen, Qingwei Lin, Pu Zhao, Yu Kang, Hongyu Zhang, Yingfei Xiong, Feng Gao, Zhangwei Xu, Yingnong Dang, Dongmei Zhang"
,,Proceedings of the 31st ACM Joint European Software Engineering Conference and Symposium on the Foundations of Software Engineering,ESEC/FSE,C,2023,A Practical Human Labeling Method for Online Just-in-Time Software Defect Prediction,"Liyan Song, Leandro Minku, Cong Teng, Xin Yao"
,,Proceedings of the 30th ACM Joint European Software Engineering Conference and Symposium on the Foundations of Software Engineering,ESEC/FSE,C,2022,Actionable and Interpretable Fault Localization for Recurring Failures in Online Service Systems,"Zeyan Li, Nengwen Zhao, Mingjie Li, Xianglin Lu, Lixin Wang, Dongdong Chang, Xiaohui Nie, Li Cao, Wenchi Zhang, Kaixin Sui, Yanhua Wang, Xu Du, Guoqiang Duan, Dan Pei"
,,Proceedings of the 31st ACM Joint European Software Engineering Conference and Symposium on the Foundations of Software Engineering,ESEC/FSE,C,2023,Dynamic Data Fault Localization for Deep Neural Networks,"Yining Yin, Yang Feng, Shihao Weng, Zixi Liu, Yuan Yao, Yichi Zhang, Zhihong Zhao, Zhenyu Chen"
,,2020 IEEE/ACM 42nd International Conference on Software Engineering (ICSE),ICSE,C,2020,Adapting Requirements Models to Varying Environments,D. Alrajeh; A. Cailliau; A. van Lamsweerde
,,2018 IEEE/ACM 40th International Conference on Software Engineering (ICSE),ICSE,C,2018,DroidStar: Callback Typestates for Android Classes,A. Radhakrishna; N. V. Lewchenko; S. Meier; S. Mover; K. C. Sripada; D. Zufferey; B. -Y. E. Chang; P. Cerný
,,2024 IEEE/ACM 46th International Conference on Software Engineering (ICSE),ICSE,C,2024,Scaling Code Pattern Inference with Interactive What-If Analysis,Hong Jin Kang; Kevin Wang; Miryung Kim
,,"2022 IEEE Conference on Software Testing, Verification and Validation (ICST)",ICST,C,2022,Automatic Error Classification and Root Cause Determination while Replaying Recorded Workload Data at SAP HANA,N. Jambigi; T. Bach; F. Schabernack; M. Felderer
,,2023 IEEE 34th International Symposium on Software Reliability Engineering (ISSRE),ISSRE,S,2023,AFALog: A General Augmentation Framework for Log-based Anomaly Detection with Active Learning,C. Duan; T. Jia; H. Cai; Y. Li; G. Huang
,,2024 IEEE 35th International Symposium on Software Reliability Engineering (ISSRE),ISSRE,S,2024,LabelEase: A Semi-Automatic Tool for Efficient and Accurate Trace Labeling in Microservices,"Shenglin Zhang; 
Zeyu Che;
Zhongjie Pan;
Xiaohui Nie;
Yongqian Sun;
Lemeng Pan;
Dan Pei"
,,2024 IEEE 35th International Symposium on Software Reliability Engineering (ISSRE),ISSRE,S,2024,LogCAE: An Approach for Log-based Anomaly Detection with Active Learning and Contrastive Learning,
,,Proceedings of the 28th ACM SIGSOFT International Symposium on Software Testing and Analysis,ISSTA,S,2019,Codebase-Adaptive Detection of Security-Relevant Methods,"Piskachev G,Do LN,Bodden E"
,,Proceedings of the 29th ACM SIGSOFT International Symposium on Software Testing and Analysis,ISSTA,S,2022,Human-in-the-Loop Oracle Learning for Semantic Bugs in String Processing Programs,Charaka Geethal Kapugama
,,Proceedings of the 33rd ACM SIGSOFT International Symposium on Software Testing and Analysis,ISSTA,S,2024,Datactive: Data Fault Localization for Object Detection Systems,"Yining Yin, Yang Feng, Shihao Weng, Yuan Yao, Jia Liu, and Zhihong Zhao"
,,Information and Software Technology,IST,J,2022,Locality-based security bug report identification via active learning,"Xiuting Ge, Chunrong Fang, Meiyuan Qian, Yu Ge, Mingshuang Qing"
,,Information and Software Technology,IST,J,2019,Combining Automated GUI Exploration of Android apps with Capture and Replay through Machine Learning,"Domenico Amalfitano, Vincenzo Riccio, Nicola Amatucci, Vincenzo De Simone, Anna Rita Fasolino"
,,Information and Software Technology,IST,J,2021,Improving high-impact bug report prediction with combination of interactive machine learning and active learning,"Xiaoxue Wu, Wei Zheng, Xiang Chen, Yu Zhao, Tingting Yu, Dejun Mu"
,,Information and Software Technology,IST,J,2023,Auto-COP: Adaptation generation in Context-oriented Programming using Reinforcement Learning options,"Nicolás Cardozo, Ivana Dusparic"
,,Information and Software Technology,IST,J,2016,ACon: A learning-based approach to deal with uncertainty in contextual requirements at runtime,"Alessia Knauss, Daniela Damian, Xavier Franch, Angela Rook, Hausi A. Müller, Alex Thomo"
,,"2018 IEEE 25th International Conference on Software Analysis, Evolution and Reengineering (SANER)",SANER,C,2018,Cross-version defect prediction via hybrid active learning with kernel principal component analysis,Z. Xu; J. Liu; X. Luo; T. Zhang
,,2017 IEEE/ACM 12th International Symposium on Software Engineering for Adaptive and Self-Managing Systems (SEAMS),SEAMS,S,2017,Improving Human-in-the-Loop Adaptive Systems Using Brain-Computer Interaction,E. Lloyd; S. Huang; E. Tognoli
,,2019 IEEE/ACM 14th International Symposium on Software Engineering for Adaptive and Self-Managing Systems (SEAMS),SEAMS,S,2019,Using Unstructured Data to Improve the Continuous Planning of Critical Processes Involving Humans,C. Paterson; R. Calinescu; S. Manandhar; D. Wang
,,2022 International Symposium on Software Engineering for Adaptive and Self-Managing Systems (SEAMS),SEAMS,S,2022,Lifelong Self-Adaptation: Self-Adaptation Meets Lifelong Machine Learning,O. Gheibi; D. Weyns
,,ACM Trans. Softw. Eng. Methodol.,TOSEM,J,2019,An Active Learning Approach for Improving the Accuracy of Automated Domain Model Extraction,"Chetan Arora, Mehrdad Sabetzadeh, Shiva Nejati, Lionel Briand"
,,ACM Trans. Softw. Eng. Methodol.,TOSEM,J,2015,Platys: An Active Learning Framework for Place-Aware Application Development and Its Evaluation,"Pradeep K. Murukannaiah, Munindar P. Singh"
,,ACM Trans. Softw. Eng. Methodol.,TOSEM,J,2021,Test Selection for Deep Learning Systems,"Wei Ma, Mike Papadakis, Anestis Tsakmalis, Maxime Cordy, Yves Le Traon"
,,ACM Trans. Softw. Eng. Methodol.,TOSEM,J,2024,Fine-Tuning Large Language Models to Improve Accuracy and Comprehensibility of Automated Code Review,"Yongda Yu, Guoping Rong, Haifeng Shen, He Zhang, Dong Shao, Min Wang, Zhao Wei, Yong Xu, Juhong Wang"
,,IEEE Transactions on Software Engineering,TSE,J,2022,Identifying Self-Admitted Technical Debts With Jitterbug: A Two-Step Approach,Z. Yu; F. M. Fahid; H. Tu; T. Menzies
,,IEEE Transactions on Software Engineering,TSE,J,2022,Boosting API Recommendation With Implicit Feedback,Y. Zhou; X. Yang; T. Chen; Z. Huang; X. Ma; H. Gall
,,IEEE Transactions on Software Engineering,TSE,J,2021,Improving Vulnerability Inspection Efficiency Using Active Learning,Z. Yu; C. Theisen; L. Williams; T. Menzies
,,IEEE Transactions on Software Engineering,TSE,J,2022,Better Data Labelling With EMBLEM (and how that Impacts Defect Prediction),H. Tu; Z. Yu; T. Menzies
,,IEEE Transactions on Software Engineering,TSE,J,2022,Active Learning of Discriminative Subgraph Patterns for API Misuse Detection,H. J. Kang; D. Lo
,,IEEE Transactions on Software Engineering,TSE,J,2023,Human-in-the-Loop Automatic Program Repair,C. Geethal; M. Böhme; V. -T. Pham
,,IEEE Transactions on Software Engineering,TSE,J,2024,hmCodeTrans: Human–Machine Interactive Code Translation,"Jiaqi Liu;
Fengming Zhang;
Xin Zhang;
Zhiwen Yu;
Liang Wang;
Yao Zhang;
Bin Guo"
,,ACM Trans. Softw. Eng. Methodol.,TOSEM,J,2025,Interpretable Failure Localization for Microservice Systems Based on Graph Autoencoder,"Sun, Yongqian and Lin, Zihan and Shi, Binpeng and Zhang, Shenglin and Ma, Shiyu and Jin, Pengxiang and Zhong, Zhenyu and Pan, Lemeng and Guo, Yicheng and Pei, Dan"
,,2025 IEEE/ACM 47th International Conference on Software Engineering (ICSE),ICSE,C,2025,ADAMAS: Adaptive Domain-Aware Performance Anomaly Detection in Cloud Service Systems,W. Gu; J. Gu; J. Liu; Z. Chen; J. Zhang; J. Kuang; C. Feng; Y. Yang; M. R. Lyu
,,2025 IEEE 36th International Symposium on Software Reliability Engineering (ISSRE),ISSRE,S,2025,ASASQL: Active Data Synthesis and Annotation for Efficient Natural Language SQL Generation in Cloud Systems,Ruiqin Zheng;Zhiyuan Wu;Shengbing Shi;Qiang Bai;Hao Li;Hui Yu;Weigang Wu
,,2025 40th IEEE/ACM International Conference on Automated Software Engineering (ASE),ASE,C,2025,LogAction: Consistent Cross-system Anomaly Detection through Logs via Active Domain Adaptation,Chiming Duan;Minghua He;Pei Xiao;Tong Jia;Xin Zhang;Zhewei Zhong;Xiang Luo;Yan Niu;Lingzhe Zhang;Siyu Yu;Yifan Wu;Weijie Hong;Ying Li;Gang Huang
,,2023 IEEE/ACM 45th International Conference on Software Engineering (ICSE),ICSE,C,2023,Incident-aware duplicate ticket aggregation for cloud systems,"Liu, Jinyang; He, Shilin; Chen, Zhuangbin; Li, Liqun; Kang, Yu; Zhang, Xu; He, Pinjia; Zhang, Hongyu; Lin, Qingwei; Xu, Zhangwei; "
,,2023 IEEE/ACM 18th Symposium on Software Engineering for Adaptive and Self-Managing Systems (SEAMS),SEAMS,S,2023,Preference Adaptation: user satisfaction is all you need!,"Li, Nianyu; Zhang, Mingyue; Li, Jialong; Kang, Eunsuk; Tei, Kenji; "
,,2016 31st IEEE/ACM International Conference on Automated Software Engineering,ASE,C,2016,Local-based active classification of test report to assist crowdsourced testing,"Wang, Junjie; Wang, Song; Cui, Qiang; Wang, Qing; "
,,2022 IEEE/ACM 44th International Conference on Software Engineering (ICSE),ICSE,C,2022,Learning probabilistic models for static analysis alarms,"H. Kim, M. Raghothaman, K. Heo"
,,,ESEC/FSE,C,2015,A user-guided approach to program analysis," R. Mangal, X. Zhang, V. Nori, M. Naik , , A."
,,,,,,,
,,,,,,,
,,,,,,,