citation_key,title,authors,year,venue,venue_acronym,venue_type,link,source,source_detail
Alizadeh2018,Reducing Interactive Refactoring Effort via Clustering-Based Multi-objective Search,V. Alizadeh; M. Kessentini,2018,2018 33rd IEEE/ACM International Conference on Automated Software Engineering (ASE),ASE,C,https://ieeexplore.ieee.org/stamp/stamp.jsp?arnumber=8999995,AS,automated search
Alrajeh2020,Adapting Requirements Models to Varying Environments,D. Alrajeh; A. Cailliau; A. van Lamsweerde,2020,2020 IEEE/ACM 42nd International Conference on Software Engineering (ICSE),ICSE,C,https://ieeexplore.ieee.org/stamp/stamp.jsp?arnumber=9284116,AS,automated search
Amalfitano2019Combining,Combining Automated GUI Exploration of Android apps with Capture and Replay through Machine Learning,"Domenico Amalfitano, Vincenzo Riccio, Nicola Amatucci, Vincenzo De Simone, Anna Rita Fasolino",2019,Information and Software Technology,IST,J,https://www.sciencedirect.com/science/article/pii/S0950584918301708,AS,automated search
Arora2019,An Active Learning Approach for Improving the Accuracy of Automated Domain Model Extraction,"Chetan Arora, Mehrdad Sabetzadeh, Shiva Nejati, Lionel Briand",2019,ACM Trans. Softw. Eng. Methodol.,TOSEM,J,https://doi.org/10.1145/3293454,AS,automated search
Cardozo2023Auto-COP,Auto-COP: Adaptation generation in Context-oriented Programming using Reinforcement Learning options,"Nicolás Cardozo, Ivana Dusparic",2023,Information and Software Technology,IST,J,https://www.sciencedirect.com/science/article/pii/S0950584923001635,AS,automated search
Chen2019,Continuous Incident Triage for Large-Scale Online Service Systems,J. Chen; X. He; Q. Lin; H. Zhang; D. Hao; F. Gao; Z. Xu; Y. Dang; D. Zhang,2019,2019 34th IEEE/ACM International Conference on Automated Software Engineering (ASE),ASE,C,https://ieeexplore.ieee.org/stamp/stamp.jsp?arnumber=8952483,AS,automated search
Chen2020Incidents,How Incidental are the Incidents? Characterizing and Prioritizing Incidents for Large-Scale Online Service Systems,J. Chen; S. Zhang; X. He; Q. Lin; H. Zhang; D. Hao; Y. Kang; F. Gao; Z. Xu; Y. Dang; D. Zhang,2020,2020 35th IEEE/ACM International Conference on Automated Software Engineering (ASE),ASE,C,https://ieeexplore.ieee.org/stamp/stamp.jsp?arnumber=9286075,AS,automated search
Chen2021Interactive,Interactive Cross-language Code Retrieval with Auto-Encoders,B. Chen; Z. Abedjan,2021,2021 36th IEEE/ACM International Conference on Automated Software Engineering (ASE),ASE,C,https://ieeexplore.ieee.org/stamp/stamp.jsp?arnumber=9678929,AS,automated search
Duan2023AFAlog,AFALog: A General Augmentation Framework for Log-based Anomaly Detection with Active Learning,C. Duan; T. Jia; H. Cai; Y. Li; G. Huang,2023,2023 IEEE 34th International Symposium on Software Reliability Engineering (ISSRE),ISSRE,S,https://ieeexplore.ieee.org/stamp/stamp.jsp?arnumber=10301228,AS,automated search
Duan2025LogAction,LogAction: Consistent Cross-system Anomaly Detection through Logs via Active Domain Adaptation,Chiming Duan;Minghua He;Pei Xiao;Tong Jia;Xin Zhang;Zhewei Zhong;Xiang Luo;Yan Niu;Lingzhe Zhang;Siyu Yu;Yifan Wu;Weijie Hong;Ying Li;Gang Huang,2025,2025 40th IEEE/ACM International Conference on Automated Software Engineering (ASE),ASE,C,https://dl.acm.org/doi/10.1109/ASE63991.2025.00064,AS,automated search
Ge2022Locality,Locality-based security bug report identification via active learning,"Xiuting Ge, Chunrong Fang, Meiyuan Qian, Yu Ge, Mingshuang Qing",2022,Information and Software Technology,IST,J,https://www.sciencedirect.com/science/article/pii/S095058492200060X,AS,automated search
Geethal2023Human,Human-in-the-Loop Automatic Program Repair,C. Geethal; M. Böhme; V. -T. Pham,2023,IEEE Transactions on Software Engineering,TSE,J,https://ieeexplore.ieee.org/stamp/stamp.jsp?arnumber=10225252,AS,automated search
Gheibi2022Lifelong,Lifelong Self-Adaptation: Self-Adaptation Meets Lifelong Machine Learning,O. Gheibi; D. Weyns,2022,2022 International Symposium on Software Engineering for Adaptive and Self-Managing Systems (SEAMS),SEAMS,S,https://ieeexplore.ieee.org/stamp/stamp.jsp?arnumber=9799875,AS,automated search
Gu2025ADAMAS,ADAMAS: Adaptive Domain-Aware Performance Anomaly Detection in Cloud Service Systems,W. Gu; J. Gu; J. Liu; Z. Chen; J. Zhang; J. Kuang; C. Feng; Y. Yang; M. R. Lyu,2025,2025 IEEE/ACM 47nd International Conference on Software Engineering (ICSE),ICSE,C,https://ieeexplore.ieee.org/stamp/stamp.jsp?arnumber=11029821,AS,automated search
Jambigi2022Automatic,Automatic Error Classification and Root Cause Determination while Replaying Recorded Workload Data at SAP HANA,N. Jambigi; T. Bach; F. Schabernack; M. Felderer,2022,"2022 IEEE Conference on Software Testing, Verification and Validation (ICST)",ICST,C,https://ieeexplore.ieee.org/stamp/stamp.jsp?arnumber=9787884,AS,automated search
Jiang2020,How to Mitigate the Incident? An Effective Troubleshooting Guide Recommendation Technique for Online Service Systems,"Jiajun Jiang, Weihai Lu, Junjie Chen, Qingwei Lin, Pu Zhao, Yu Kang, Hongyu Zhang, Yingfei Xiong, Feng Gao, Zhangwei Xu, Yingnong Dang, Dongmei Zhang",2020,Proceedings of the 28th ACM Joint Meeting on European Software Engineering Conference and Symposium on the Foundations of Software Engineering,ESEC/FSE,C,https://doi.org/10.1145/3368089.3417054,AS,automated search
Kang2022Active,Active Learning of Discriminative Subgraph Patterns for API Misuse Detection,H. J. Kang; D. Lo,2022,IEEE Transactions on Software Engineering,TSE,J,https://ieeexplore.ieee.org/stamp/stamp.jsp?arnumber=9392340,AS,automated search
Kang2024Scaling,Scaling Code Pattern Inference with Interactive What-If Analysis,Hong Jin Kang; Kevin Wang; Miryung Kim,2024,2024 IEEE/ACM 46th International Conference on Software Engineering (ICSE),ICSE,C,https://dl.acm.org/doi/pdf/10.1145/3597503.3639193,AS,automated search
Kapugama2022Human,Human-in-the-Loop Oracle Learning for Semantic Bugs in String Processing Programs,Charaka Geethal Kapugama,2022,Proceedings of the 29th ACM SIGSOFT International Symposium on Software Testing and Analysis,ISSTA,S,https://dl.acm.org/doi/10.1145/3533767.3534406,AS,automated search
Kim2022Learning,Learning probabilistic models for static analysis alarms,"H. Kim, M. Raghothaman, K. Heo",2022,2022 IEEE/ACM 44nd International Conference on Software Engineering (ICSE),ICSE,,https://dl.acm.org/doi/10.1145/3510003.3510098,SB,backward snowballing
Knauss2016ACon,ACon: A learning-based approach to deal with uncertainty in contextual requirements at runtime,"Alessia Knauss, Daniela Damian, Xavier Franch, Angela Rook, Hausi A. Müller, Alex Thomo",2016,Information and Software Technology,IST,J,https://www.sciencedirect.com/science/article/pii/S0950584915001676,AS,automated search
Li2022Actionable,Actionable and Interpretable Fault Localization for Recurring Failures in Online Service Systems,"Zeyan Li, Nengwen Zhao, Mingjie Li, Xianglin Lu, Lixin Wang, Dongdong Chang, Xiaohui Nie, Li Cao, Wenchi Zhang, Kaixin Sui, Yanhua Wang, Xu Du, Guoqiang Duan, Dan Pei",2022,Proceedings of the 30th ACM Joint European Software Engineering Conference and Symposium on the Foundations of Software Engineering,ESEC/FSE,C,https://doi.org/10.1145/3540250.3549092,AS,automated search
Li2023Preference,Preference Adaptation: user satisfaction is all you need!,"Li, Nianyu; Zhang, Mingyue; Li, Jialong; Kang, Eunsuk; Tei, Kenji; ",2023,2023 IEEE/ACM 18th Symposium on Software Engineering for Adaptive and Self-Managing Systems (SEAMS),SEAMS,S,https://ieeexplore.ieee.org/document/10174005,SB,forward snowballing
Liu2021CloneDetection,Can Neural Clone Detection Generalize to Unseen Functionalities,C. Liu; Z. Lin; J. -G. Lou; L. Wen; D. Zhang,2021,2021 36th IEEE/ACM International Conference on Automated Software Engineering (ASE),ASE,C,https://ieeexplore.ieee.org/stamp/stamp.jsp?arnumber=9678907,AS,automated search
Liu2023Incident,Incident-aware duplicate ticket aggregation for cloud systems,"Liu, Jinyang; He, Shilin; Chen, Zhuangbin; Li, Liqun; Kang, Yu; Zhang, Xu; He, Pinjia; Zhang, Hongyu; Lin, Qingwei; Xu, Zhangwei; ",2023,2023 IEEE/ACM 45th International Conference on Software Engineering (ICSE),ICSE,C,https://dl.acm.org/doi/10.1109/ICSE48619.2023.00193,AS,automated search
Liu2023Valar,VALAR: Streamlining Alarm Ranking in Static Analysis with Value-Flow Assisted Active Learning,P. Liu; Y. Lu; W. Yang; M. Pan,2023,2023 38th IEEE/ACM International Conference on Automated Software Engineering (ASE),ASE,C,https://ieeexplore.ieee.org/stamp/stamp.jsp?arnumber=10298558,AS,automated search
Liu2024hmCodeTrans,hmCodeTrans: Human–Machine Interactive Code Translation,Jiaqi Liu; Fengming Zhang; Xin Zhang; Zhiwen Yu; Liang Wang; Yao Zhang; Bin Guo,2024,IEEE Transactions on Software Engineering,TSE,J,https://ieeexplore.ieee.org/stamp/stamp.jsp?tp=&arnumber=10476504,AS,automated search
Lloyd2017,Improving Human-in-the-Loop Adaptive Systems Using Brain-Computer Interaction,E. Lloyd; S. Huang; E. Tognoli,2017,2017 IEEE/ACM 12th International Symposium on Software Engineering for Adaptive and Self-Managing Systems (SEAMS),SEAMS,S,https://ieeexplore.ieee.org/stamp/stamp.jsp?arnumber=7968144,AS,automated search
Mangal2015AUser,A user-guided approach to program analysis," R. Mangal, X. Zhang, V. Nori, M. Naik , , A.",2015,Proceedings of the 23th ACM Joint Meeting on European Software Engineering Conference and Symposium on the Foundations of Software Engineering,ESEC/FSE,,https://dl.acm.org/doi/10.1145/2786805.2786851,SB,backward snowballing
Murukannaiah2015,Platys: An Active Learning Framework for Place-Aware Application Development and Its Evaluation,"Pradeep K. Murukannaiah, Munindar P. Singh",2015,ACM Trans. Softw. Eng. Methodol.,TOSEM,J,https://doi.org/10.1145/2729976,AS,automated search
Paterson2019,Using Unstructured Data to Improve the Continuous Planning of Critical Processes Involving Humans,C. Paterson; R. Calinescu; S. Manandhar; D. Wang,2019,2019 IEEE/ACM 14th International Symposium on Software Engineering for Adaptive and Self-Managing Systems (SEAMS),SEAMS,S,https://ieeexplore.ieee.org/stamp/stamp.jsp?arnumber=8787082,AS,automated search
Piskachev2019Codebase,Codebase-Adaptive Detection of Security-Relevant Methods,"Piskachev G,Do LN,Bodden E",2019,Proceedings of the 28th ACM SIGSOFT International Symposium on Software Testing and Analysis,ISSTA,S,https://doi.org/10.1145/3293882.3330556;http://dx.doi.org/10.1145/3293882.3330556,AS,automated search
Radhakrishna2018,DroidStar: Callback Typestates for Android Classes,A. Radhakrishna; N. V. Lewchenko; S. Meier; S. Mover; K. C. Sripada; D. Zufferey; B. -Y. E. Chang; P. Cerný,2018,2018 IEEE/ACM 40th International Conference on Software Engineering (ICSE),ICSE,C,https://ieeexplore.ieee.org/stamp/stamp.jsp?arnumber=8453197,AS,automated search
Song2023APractical,A Practical Human Labeling Method for Online Just-in-Time Software Defect Prediction,"Liyan Song, Leandro Minku, Cong Teng, Xin Yao",2023,Proceedings of the 31st ACM Joint European Software Engineering Conference and Symposium on the Foundations of Software Engineering,ESEC/FSE,C,https://doi.org/10.1145/3611643.3616307,AS,automated search
Sun2025Interpretable,Interpretable Failure Localization for Microservice Systems Based on Graph Autoencoder,"Sun, Yongqian and Lin, Zihan and Shi, Binpeng and Zhang, Shenglin and Ma, Shiyu and Jin, Pengxiang and Zhong, Zhenyu and Pan, Lemeng and Guo, Yicheng and Pei, Dan",2025,Proceedings of the 33th ACM Joint European Software Engineering Conference and Symposium on the Foundations of Software Engineering,TOSEM,J,https://doi.org/10.1145/3695999,AS,automated search
Tu2022Better,Better Data Labelling With EMBLEM (and how that Impacts Defect Prediction),H. Tu; Z. Yu; T. Menzies,2022,IEEE Transactions on Software Engineering,TSE,J,https://ieeexplore.ieee.org/stamp/stamp.jsp?arnumber=9064604,AS,automated search
Wang2016,Local-based active classification of test report to assist crowdsourced testing,"Wang, Junjie; Wang, Song; Cui, Qiang; Wang, Qing; ",2016,Proceedings of the 31st IEEE/ACM International Conference on Automated Software Engineering,ASE,C,https://dl.acm.org/doi/10.1145/2970276.2970300,SB,forward snowballing
Wei2021,Test Selection for Deep Learning Systems,"Wei Ma, Mike Papadakis, Anestis Tsakmalis, Maxime Cordy, Yves Le Traon",2021,ACM Trans. Softw. Eng. Methodol.,TOSEM,J,https://doi.org/10.1145/3417330,AS,automated search
Wu2021Improving,Improving high-impact bug report prediction with combination of interactive machine learning and active learning,"Xiaoxue Wu, Wei Zheng, Xiang Chen, Yu Zhao, Tingting Yu, Dejun Mu",2021,Information and Software Technology,IST,J,https://www.sciencedirect.com/science/article/pii/S0950584921000185,AS,automated search
Xiao2024LogCAE,LogCAE: An Approach for Log-based Anomaly Detection with Active Learning and Contrastive Learning,P. Xiao; T. Jia; C. Duan; H. Cai; Y. Li; G. Huang,2024,2024 IEEE 35th International Symposium on Software Reliability Engineering (ISSRE),ISSRE,S,https://ieeexplore.ieee.org/stamp/stamp.jsp?tp=&arnumber=10771438,AS,automated search
Xu2018Cross,Cross-version defect prediction via hybrid active learning with kernel principal component analysis,Z. Xu; J. Liu; X. Luo; T. Zhang,2018,"2018 IEEE 25th International Conference on Software Analysis, Evolution and Reengineering (SANER)",SANER,C,https://ieeexplore.ieee.org/stamp/stamp.jsp?arnumber=8330210,AS,automated search
Yang2023DeepDebugger,DeepDebugger: An Interactive Time-Travelling Debugging Approach for Deep Classifiers,"Xianglin Yang, Yun Lin, Yifan Zhang, Linpeng Huang, Jin Song Dong, Hong Mei",2023,Proceedings of the 31st ACM Joint European Software Engineering Conference and Symposium on the Foundations of Software Engineering,ESEC/FSE,C,https://doi.org/10.1145/3611643.3616252,AS,automated search
Yang2023EvaCRC,EvaCRC: Evaluating Code Review Comments,"Lanxin Yang, Jinwei Xu, Yifan Zhang, He Zhang, Alberto Bacchelli",2023,Proceedings of the 31st ACM Joint European Software Engineering Conference and Symposium on the Foundations of Software Engineering,ESEC/FSE,C,https://doi.org/10.1145/3611643.3616245,AS,automated search
Yin2023Dynamic,Dynamic Data Fault Localization for Deep Neural Networks,"Yining Yin, Yang Feng, Shihao Weng, Zixi Liu, Yuan Yao, Yichi Zhang, Zhihong Zhao, Zhenyu Chen",2023,Proceedings of the 31st ACM Joint European Software Engineering Conference and Symposium on the Foundations of Software Engineering,ESEC/FSE,C,https://doi.org/10.1145/3611643.3616345,AS,automated search
Yin2024Datactive,Datactive: Data Fault Localization for Object Detection Systems,"Yining Yin, Yang Feng, Shihao Weng, Yuan Yao, Jia Liu, and Zhihong Zhao",2024,Proceedings of the 33rd ACM SIGSOFT International Symposium on Software Testing and Analysis,ISSTA,S,https://doi.org/10.1145/3650212.3680329,AS,automated search
Yu2021,Improving Vulnerability Inspection Efficiency Using Active Learning,Z. Yu; C. Theisen; L. Williams; T. Menzies,2021,IEEE Transactions on Software Engineering,TSE,J,https://ieeexplore.ieee.org/stamp/stamp.jsp?arnumber=8883076,AS,automated search
Yu2022Identifying,Identifying Self-Admitted Technical Debts With Jitterbug: A Two-Step Approach,Z. Yu; F. M. Fahid; H. Tu; T. Menzies,2022,IEEE Transactions on Software Engineering,TSE,J,https://ieeexplore.ieee.org/stamp/stamp.jsp?arnumber=9226105,AS,automated search
Zhang2024LabelEase,LabelEase: A Semi-Automatic Tool for Efficient and Accurate Trace Labeling in Microservices,Shenglin Zhang; Zeyu Che; Zhongjie Pan; Xiaohui Nie; Yongqian Sun; Lemeng Pan; Dan Pei,2024,2024 IEEE 35th International Symposium on Software Reliability Engineering (ISSRE),ISSRE,S,https://ieeexplore.ieee.org/stamp/stamp.jsp?tp=&arnumber=10771374,AS,automated search
Zheng2025ASASQL,ASASQL: Active Data Synthesis and Annotation for Efficient Natural Language SQL Generation in Cloud Systems,Ruiqin Zheng;Zhiyuan Wu;Shengbing Shi;Qiang Bai;Hao Li;Hui Yu;Weigang Wu,2025,2025 IEEE 36th International Symposium on Software Reliability Engineering (ISSRE),ISSRE,S,https://ieeexplore.ieee.org/stamp/stamp.jsp?arnumber=11029821,AS,automated search
Zhou2022Boosting,Boosting API Recommendation With Implicit Feedback,Y. Zhou; X. Yang; T. Chen; Z. Huang; X. Ma; H. Gall,2022,IEEE Transactions on Software Engineering,TSE,J,https://ieeexplore.ieee.org/stamp/stamp.jsp?arnumber=9329198,AS,automated search
