Venue,Venue acronym,PaperID,Publication Year,Title,Authors,Link,Already reviewed,To discuss (yes/no),To include in the Literature Review (yes/no),Role RQ1,Action RQ2,Quality attr RQ3,Metric RQ4,
2017 IEEE/ACM 12th International Symposium on Software Engineering for Adaptive and Self-Managing Systems (SEAMS),SEAMS,P.Jamshi_2017_Transfer,2017,Transfer Learning for Improving Model Predictions in Highly Configurable Software,P. Jamshidi; M. Velez; C. Kästner; N. Siegmund; P. Kawthekar,https://ieeexplore.ieee.org/stamp/stamp.jsp?arnumber=7968130,yes,,,,,,,
2019 IEEE/ACM 14th International Symposium on Software Engineering for Adaptive and Self-Managing Systems (SEAMS),SEAMS,P.Jamshi_2019_Machine,2019,Machine Learning Meets Quantitative Planning: Enabling Self-Adaptation in Autonomous Robots,P. Jamshidi; J. Cámara; B. Schmerl; C. Käestner; D. Garlan,https://ieeexplore.ieee.org/stamp/stamp.jsp?arnumber=8787014,yes,,,,,,,
2017 IEEE/ACM 12th International Symposium on Software Engineering for Adaptive and Self-Managing Systems (SEAMS),SEAMS,S.Schmid_2017_Self-Adaptation,2017,Self-Adaptation Based on Big Data Analytics: A Model Problem and Tool,S. Schmid; I. Gerostathopoulos; C. Prehofer; T. Bures,https://ieeexplore.ieee.org/stamp/stamp.jsp?arnumber=7968137,no,no,no,,,,,
2019 IEEE/ACM 14th International Symposium on Software Engineering for Adaptive and Self-Managing Systems (SEAMS),SEAMS,E.M.Grua_2019_Self-Adaptation,2019,Self-Adaptation in Mobile Apps: a Systematic Literature Study,E. M. Grua; I. Malavolta; P. Lago,https://ieeexplore.ieee.org/stamp/stamp.jsp?arnumber=8787041,yes,,,,,,,
2017 IEEE/ACM 12th International Symposium on Software Engineering for Adaptive and Self-Managing Systems (SEAMS),SEAMS,E.Lloyd;_2017_Improving,2017,Improving Human-in-the-Loop Adaptive Systems Using Brain-Computer Interaction,E. Lloyd; S. Huang; E. Tognoli,https://ieeexplore.ieee.org/stamp/stamp.jsp?arnumber=7968144,yes,,,,,,,
2021 International Symposium on Software Engineering for Adaptive and Self-Managing Systems (SEAMS),SEAMS,E.Yigitb_2021_Enhancing,2021,Enhancing Human-in-the-Loop Adaptive Systems through Digital Twins and VR Interfaces,E. Yigitbas; K. Karakaya; I. Jovanovikj; G. Engels,https://ieeexplore.ieee.org/stamp/stamp.jsp?arnumber=9462035,yes,,,,,,,
2021 International Symposium on Software Engineering for Adaptive and Self-Managing Systems (SEAMS),SEAMS,O.Gheibi_2021_On,2021,On the Impact of Applying Machine Learning in the Decision-Making of Self-Adaptive Systems,O. Gheibi; D. Weyns; F. Quin,https://ieeexplore.ieee.org/stamp/stamp.jsp?arnumber=9462026,yes,,,,,,,
2021 International Symposium on Software Engineering for Adaptive and Self-Managing Systems (SEAMS),SEAMS,M.Askarp_2021_RoboMAX,2021,RoboMAX: Robotic Mission Adaptation eXemplars,M. Askarpour; C. Tsigkanos; C. Menghi; R. Calinescu; P. Pelliccione; S. García; R. Caldas; T. J. von Oertzen; M. Wimmer; L. Berardinelli; M. Rossi; M. M. Bersani; G. S. Rodrigues,https://ieeexplore.ieee.org/stamp/stamp.jsp?arnumber=9462005,no,no,no,,,,,
2022 International Symposium on Software Engineering for Adaptive and Self-Managing Systems (SEAMS),SEAMS,J.Clelan_2022_Extending,2022,Extending MAPE-K to support Human-Machine Teaming,J. Cleland-Huang; A. Agrawal; M. Vierhauser; M. Murphy; M. Prieto,https://ieeexplore.ieee.org/stamp/stamp.jsp?arnumber=9800015,no,no,no,,,,,
2019 IEEE/ACM 14th International Symposium on Software Engineering for Adaptive and Self-Managing Systems (SEAMS),SEAMS,C.Paters_2019_Using,2019,Using Unstructured Data to Improve the Continuous Planning of Critical Processes Involving Humans,C. Paterson; R. Calinescu; S. Manandhar; D. Wang,https://ieeexplore.ieee.org/stamp/stamp.jsp?arnumber=8787082,yes,,,,,,,
2022 International Symposium on Software Engineering for Adaptive and Self-Managing Systems (SEAMS),SEAMS,O.Gheibi_2022_Lifelong,2022,Lifelong Self-Adaptation: Self-Adaptation Meets Lifelong Machine Learning,O. Gheibi; D. Weyns,https://ieeexplore.ieee.org/stamp/stamp.jsp?arnumber=9799875,no,yes,yes,oracle,classification,"effectiveness, adaptability",accuracy,
2023 IEEE/ACM 18th Symposium on Software Engineering for Adaptive and Self-Managing Systems (SEAMS),SEAMS,M.Riegle_2023_A,2023,A Distributed MAPE-K Framework for Self-Protective IoT Devices,M. Riegler; J. Sametinger; M. Vierhauser,https://ieeexplore.ieee.org/stamp/stamp.jsp?arnumber=10174186,no,no,no,,,,,
2021 International Symposium on Software Engineering for Adaptive and Self-Managing Systems (SEAMS),SEAMS,A.Faraha_2021_On,2021,On Adaptive Fairness in Software Systems,A. Farahani; L. Pasquale; A. Bennaceur; T. Welsh; B. Nuseibeh,https://ieeexplore.ieee.org/stamp/stamp.jsp?arnumber=9462030,no,no,no,,,,,
2016 IEEE/ACM 11th International Symposium on Software Engineering for Adaptive and Self-Managing Systems (SEAMS),SEAMS,A.M.Shar_2016_Learning,2016,Learning and Evolution in Dynamic Software Product Lines,A. M. Sharifloo; A. Metzger; C. Quinton; L. Baresi; K. Pohl,https://ieeexplore.ieee.org/stamp/stamp.jsp?arnumber=7830559,no,no,no,,,,,
2022 International Symposium on Software Engineering for Adaptive and Self-Managing Systems (SEAMS),SEAMS,J.Dobaj;_2022_Towards,2022,Towards Digital Twin-enabled DevOps for CPS providing Architecture-Based Service Adaptation & Verification at Runtime,J. Dobaj; A. Riel; T. Krug; M. Seidl; G. Macher; M. Egretzberger,https://ieeexplore.ieee.org/stamp/stamp.jsp?arnumber=9800053,no,no,no,,,,,
2021 International Symposium on Software Engineering for Adaptive and Self-Managing Systems (SEAMS),SEAMS,H.T.N.Ig_2021_A,2021,A Conceptual Reference Model for Human as a Service Provider in Cyber Physical Systems,H. T. N. Ignatius; R. Bahsoon,https://ieeexplore.ieee.org/stamp/stamp.jsp?arnumber=9462016,no,no,no,,,,,
2020 IEEE/ACM 15th International Symposium on Software Engineering for Adaptive and Self-Managing Systems (SEAMS),SEAMS,N.Li;S.A_2020_Explanations,2020,Explanations for Human-on-the-loop: A Probabilistic Model Checking Approach,N. Li; S. Adepu; E. Kang; D. Garlan,https://ieeexplore.ieee.org/stamp/stamp.jsp?arnumber=10148672,yes,,,,,,,
2023 IEEE/ACM 18th Symposium on Software Engineering for Adaptive and Self-Managing Systems (SEAMS),SEAMS,D.Weyns;_2023_From,2023,From Self-Adaptation to Self-Evolution Leveraging the Operational Design Domain,D. Weyns; J. Andersson,https://ieeexplore.ieee.org/stamp/stamp.jsp?arnumber=10174091,no,no,no,,,,,
2016 IEEE/ACM 11th International Symposium on Software Engineering for Adaptive and Self-Managing Systems (SEAMS),SEAMS,S.Uchite_2016_Runtime,2016,Runtime Controller Synthesis for Self-Adaptation: Be Discrete! (Keynote),S. Uchitel; V. A. Braberman; N. D’Ippolito,https://ieeexplore.ieee.org/stamp/stamp.jsp?arnumber=7830541,no,no,no,,,,,
2020 IEEE/ACM 15th International Symposium on Software Engineering for Adaptive and Self-Managing Systems (SEAMS),SEAMS,Y.He;J.S_2020_A,2020,A Framework for the Analysis of Adaptive Systems Using Bayesian Statistics,Y. He; J. Schumann,https://ieeexplore.ieee.org/stamp/stamp.jsp?arnumber=10148689,yes,,,,,,,
2018 IEEE/ACM 13th International Symposium on Software Engineering for Adaptive and Self-Managing Systems (SEAMS),SEAMS,G.A.More_2018_Uncertainty,2018,Uncertainty Reduction in Self-Adaptive Systems,G. A. Moreno; J. Cámara; D. Garlan; M. Klein,https://ieeexplore.ieee.org/stamp/stamp.jsp?arnumber=8595380,no,no,no,,,,,
2024 IEEE/ACM 19th Symposium on Software Engineering for Adaptive and Self-Managing Systems (SEAMS),SEAMS,JialongLi_2024_Exploring,2024,Exploring the Potential of Large Language Models in Self-Adaptive Systems,"Jialong Li;
Mingyue Zhang;
Nianyu Li;
Danny Weyns;
Zhi Jin;
Kenji Tei",https://ieeexplore.ieee.org/document/10556116,no,no,no,,,,,
2024 IEEE/ACM 19th Symposium on Software Engineering for Adaptive and Self-Managing Systems (SEAMS),SEAMS,NicolasBoltz_2024_Human,2024,Human Empowerment in Self-Adaptive Socio-Technical Systems,"Nicolas Boltz;
Sinem Getir Yaman;
Paola Inverardi;
Rogério De Lemos;
Dimitri Van Landuyt;
Andrea Zisman",https://ieeexplore.ieee.org/stamp/stamp.jsp?tp=&arnumber=10556137,no,no,no,,,,,
,SEAMS,,2025,Leveraging Self-Adaptive Systems and Generative AI for Personalizing Educational Serious Games: Architecture and Future Challenges,,,no,no,no,,,,,
