Venue,Acronym,Type,Digital library,Search string,Search period,Access date,Papers returned by search,Papers included in final review
Automated Software Engineering Conference,ASE,C,IEEExplore,"((((""Full Text Only"": human OR ""Full Text Only"": labeller OR ""Full Text Only"": labeler OR ""Full Text Only"": annotator OR ""Full Text Only"": developer OR ""Full Text Only"": designer OR ""Full Text Only"": programmer OR ""Full Text Only"": expert)  AND (""Full Text Only"": ""active learning"" OR ""Full Text Only"": ""interactive machine learning"" OR ""Full Text Only"": ""machine teaching"")) OR (""Full Text Only"": human-in-the-loop AND (""Full Text Only"": ""artificial intelligence"" OR ""Full Text Only"": ""machine learning"")))",January 2015 - December 2025,15 May 2026,1879,8
European Software Engineering Conference and the ACM SIGSOFT Symposium on the Foundations of Software Engineering,ESEC/FSE,C,ACM DL,"[[[Full Text: human] OR [Full Text: labeller] OR [Full Text: labeler] OR [Full Text: annotator] OR [Full Text: developer] OR [Full Text: designer] OR [Full Text: programmer] OR [Full Text: expert]] AND [[Full Text: ""active learning""] OR [Full Text: ""interactive machine learning""] OR [Full Text: ""machine teaching""]]] OR [[Full Text: human-in-the-loop] AND [[Full Text: ""artificial intelligence""] OR [Full Text: ""machine learning""]]]",January 2015 - December 2025,15 May 2026,1893,7
International Conference on Software Engineering,ICSE,C,IEEExplore,"((((""Full Text Only"": human OR ""Full Text Only"": labeller OR ""Full Text Only"": labeler OR ""Full Text Only"": annotator OR ""Full Text Only"": developer OR ""Full Text Only"": designer OR ""Full Text Only"": programmer OR ""Full Text Only"": expert)  AND (""Full Text Only"": ""active learning"" OR ""Full Text Only"": ""interactive machine learning"" OR ""Full Text Only"": ""machine teaching"")) OR (""Full Text Only"": human-in-the-loop AND (""Full Text Only"": ""artificial intelligence"" OR ""Full Text Only"": ""machine learning"")))",January 2015 - December 2025,15 May 2026,2471,6
IEEE International Conference on Software Testing Verification and Validation,ICST,C,IEEExplore,"((((""Full Text Only"": human OR ""Full Text Only"": labeller OR ""Full Text Only"": labeler OR ""Full Text Only"": annotator OR ""Full Text Only"": developer OR ""Full Text Only"": designer OR ""Full Text Only"": programmer OR ""Full Text Only"": expert)  AND (""Full Text Only"": ""active learning"" OR ""Full Text Only"": ""interactive machine learning"" OR ""Full Text Only"": ""machine teaching"")) OR (""Full Text Only"": human-in-the-loop AND (""Full Text Only"": ""artificial intelligence"" OR ""Full Text Only"": ""machine learning"")))",January 2015 - December 2025,15 May 2026,877,1
IEEE International Conference on Software Analysis Evolution and Reengineering,SANER,C,IEEExplore,"((((""Full Text Only"": human OR ""Full Text Only"": labeller OR ""Full Text Only"": labeler OR ""Full Text Only"": annotator OR ""Full Text Only"": developer OR ""Full Text Only"": designer OR ""Full Text Only"": programmer OR ""Full Text Only"": expert)  AND (""Full Text Only"": ""active learning"" OR ""Full Text Only"": ""interactive machine learning"" OR ""Full Text Only"": ""machine teaching"")) OR (""Full Text Only"": human-in-the-loop AND (""Full Text Only"": ""artificial intelligence"" OR ""Full Text Only"": ""machine learning"")))",January 2015 - December 2025,15 May 2026,1120,1
IEEE International Symposium on Software Reliability Engineering,ISSRE,S,IEEExplore,"((((""Full Text Only"": human OR ""Full Text Only"": labeller OR ""Full Text Only"": labeler OR ""Full Text Only"": annotator OR ""Full Text Only"": developer OR ""Full Text Only"": designer OR ""Full Text Only"": programmer OR ""Full Text Only"": expert)  AND (""Full Text Only"": ""active learning"" OR ""Full Text Only"": ""interactive machine learning"" OR ""Full Text Only"": ""machine teaching"")) OR (""Full Text Only"": human-in-the-loop AND (""Full Text Only"": ""artificial intelligence"" OR ""Full Text Only"": ""machine learning"")))",January 2015 - December 2025,15 May 2026,577,4
ACM SIGSOFT International Symposium on Software Testing and Analysis,ISSTA,S,ACM DL,"[[[Full Text: human] OR [Full Text: labeller] OR [Full Text: labeler] OR [Full Text: annotator] OR [Full Text: developer] OR [Full Text: designer] OR [Full Text: programmer] OR [Full Text: expert]] AND [[Full Text: ""active learning""] OR [Full Text: ""interactive machine learning""] OR [Full Text: ""machine teaching""]]] OR [[Full Text: human-in-the-loop] AND [[Full Text: ""artificial intelligence""] OR [Full Text: ""machine learning""]]]",January 2015 - December 2025,15 May 2026,843,3
International Symposium on Software Engineering for Adaptive and Self-Managing Systems,SEAMS,S,IEEExplore,"((((""Full Text Only"": human OR ""Full Text Only"": labeller OR ""Full Text Only"": labeler OR ""Full Text Only"": annotator OR ""Full Text Only"": developer OR ""Full Text Only"": designer OR ""Full Text Only"": programmer OR ""Full Text Only"": expert)  AND (""Full Text Only"": ""active learning"" OR ""Full Text Only"": ""interactive machine learning"" OR ""Full Text Only"": ""machine teaching"")) OR (""Full Text Only"": human-in-the-loop AND (""Full Text Only"": ""artificial intelligence"" OR ""Full Text Only"": ""machine learning"")))",January 2015 - December 2025,15 May 2026,323,4
Information and Software Technology,IST,J,ScienceDirect,"1. (human OR labeller OR labeler OR annotator) AND (""active learning"" OR ""interactive machine learning"" OR ""machine teaching""); 2. (developer OR designer OR programmer OR expert) AND (""active learning"" OR ""interactive machine learning"" OR ""machine teaching""); 3. human-in-the-loop AND (""artificial intelligence"" OR ""machine learning"")",January 2015 - December 2025,15 May 2026,2010,5
ACM Transactions on Software Engineering and Methodology,TOSEM,J,ACM DL,"[[[Full Text: human] OR [Full Text: labeller] OR [Full Text: labeler] OR [Full Text: annotator] OR [Full Text: developer] OR [Full Text: designer] OR [Full Text: programmer] OR [Full Text: expert]] AND [[Full Text: ""active learning""] OR [Full Text: ""interactive machine learning""] OR [Full Text: ""machine teaching""]]] OR [[Full Text: human-in-the-loop] AND [[Full Text: ""artificial intelligence""] OR [Full Text: ""machine learning""]]]",January 2015 - December 2025,15 May 2026,1201,4
IEEE Transactions on Software Engineering,TSE,J,IEEExplore,"((((""Full Text Only"": human OR ""Full Text Only"": labeller OR ""Full Text Only"": labeler OR ""Full Text Only"": annotator OR ""Full Text Only"": developer OR ""Full Text Only"": designer OR ""Full Text Only"": programmer OR ""Full Text Only"": expert)  AND (""Full Text Only"": ""active learning"" OR ""Full Text Only"": ""interactive machine learning"" OR ""Full Text Only"": ""machine teaching"")) OR (""Full Text Only"": human-in-the-loop AND (""Full Text Only"": ""artificial intelligence"" OR ""Full Text Only"": ""machine learning"")))",January 2015 - December 2025,15 May 2026,1638,7
